dimension,spearman_rho,p_value
reasoning,0.995,1.489105271380768e-49
accuracy,0.991,4.4115287596285855e-43
coherence,0.985,2.571180094261585e-37
completeness,0.983,3.6147922497213175e-36
consistency,0.975,1.6049702042306997e-32
